<?xml version="1.0" encoding="UTF-8"?><?xml-stylesheet type='text/xsl' href='_UpgradeReport_Files/UpgradeReport.xslt'?><UpgradeLog>
<Properties><Property Name="Solution" Value="POApp">
</Property><Property Name="Solution File" Value="F:\Projects\BMW IS\Code\POCs\MSMQ\POApp.sln">
</Property><Property Name="User Options File" Value="F:\Projects\BMW IS\Code\POCs\MSMQ\POApp.suo">
</Property><Property Name="Date" Value="Monday, September 2, 2013">
</Property><Property Name="Time" Value="11:14 AM">
</Property></Properties><Event ErrorLevel="0" Project="" Source="POApp.sln" Description="File successfully backed up as F:\Projects\BMW IS\Code\POCs\MSMQ\Backup\POApp.sln">
</Event><Event ErrorLevel="0" Project="" Source="POApp.suo" Description="File successfully backed up as F:\Projects\BMW IS\Code\POCs\MSMQ\Backup\POApp.suo">
</Event><Event ErrorLevel="0" Project="Common" Source="Common\Common.csproj" Description="Project file successfully backed up as F:\Projects\BMW IS\Code\POCs\MSMQ\Backup\Common\Common.csproj">
</Event><Event ErrorLevel="0" Project="Common" Source="Common\Entities.cs" Description="File successfully backed up as F:\Projects\BMW IS\Code\POCs\MSMQ\Backup\Common\Entities.cs">
</Event><Event ErrorLevel="0" Project="Common" Source="Common\Properties\AssemblyInfo.cs" Description="File successfully backed up as F:\Projects\BMW IS\Code\POCs\MSMQ\Backup\Common\Properties\AssemblyInfo.cs">
</Event><Event ErrorLevel="0" Project="Common" Source="Common\Common.csproj" Description="Project converted successfully">
</Event><Event ErrorLevel="3" Project="Common" Source="Common\Common.csproj" Description="Converted">
</Event><Event ErrorLevel="0" Project="Bridge" Source="Bridge\Bridge.csproj" Description="Project file successfully backed up as F:\Projects\BMW IS\Code\POCs\MSMQ\Backup\Bridge\Bridge.csproj">
</Event><Event ErrorLevel="0" Project="Bridge" Source="Bridge\Program.cs" Description="File successfully backed up as F:\Projects\BMW IS\Code\POCs\MSMQ\Backup\Bridge\Program.cs">
</Event><Event ErrorLevel="0" Project="Bridge" Source="Bridge\Properties\AssemblyInfo.cs" Description="File successfully backed up as F:\Projects\BMW IS\Code\POCs\MSMQ\Backup\Bridge\Properties\AssemblyInfo.cs">
</Event><Event ErrorLevel="0" Project="Bridge" Source="Bridge\App.config" Description="File successfully backed up as F:\Projects\BMW IS\Code\POCs\MSMQ\Backup\Bridge\App.config">
</Event><Event ErrorLevel="0" Project="Bridge" Source="Bridge\Bridge.csproj" Description="Project converted successfully">
</Event><Event ErrorLevel="3" Project="Bridge" Source="Bridge\Bridge.csproj" Description="Converted">
</Event><Event ErrorLevel="0" Project="Listener" Source="Listener\Listener.csproj" Description="Project file successfully backed up as F:\Projects\BMW IS\Code\POCs\MSMQ\Backup\Listener\Listener.csproj">
</Event><Event ErrorLevel="0" Project="Listener" Source="Listener\Program.cs" Description="File successfully backed up as F:\Projects\BMW IS\Code\POCs\MSMQ\Backup\Listener\Program.cs">
</Event><Event ErrorLevel="0" Project="Listener" Source="Listener\Properties\AssemblyInfo.cs" Description="File successfully backed up as F:\Projects\BMW IS\Code\POCs\MSMQ\Backup\Listener\Properties\AssemblyInfo.cs">
</Event><Event ErrorLevel="0" Project="Listener" Source="Listener\App.config" Description="File successfully backed up as F:\Projects\BMW IS\Code\POCs\MSMQ\Backup\Listener\App.config">
</Event><Event ErrorLevel="0" Project="Listener" Source="Listener\Listener.csproj" Description="Project converted successfully">
</Event><Event ErrorLevel="3" Project="Listener" Source="Listener\Listener.csproj" Description="Converted">
</Event><Event ErrorLevel="0" Project="Source" Source="Source\Source.csproj" Description="Project file successfully backed up as F:\Projects\BMW IS\Code\POCs\MSMQ\Backup\Source\Source.csproj">
</Event><Event ErrorLevel="0" Project="Source" Source="Source\Program.cs" Description="File successfully backed up as F:\Projects\BMW IS\Code\POCs\MSMQ\Backup\Source\Program.cs">
</Event><Event ErrorLevel="0" Project="Source" Source="Source\Properties\AssemblyInfo.cs" Description="File successfully backed up as F:\Projects\BMW IS\Code\POCs\MSMQ\Backup\Source\Properties\AssemblyInfo.cs">
</Event><Event ErrorLevel="0" Project="Source" Source="Source\Source.csproj" Description="Project converted successfully">
</Event><Event ErrorLevel="3" Project="Source" Source="Source\Source.csproj" Description="Converted">
</Event><Event ErrorLevel="0" Project="" Source="POApp.sln" Description="Solution converted successfully">
</Event><Event ErrorLevel="3" Project="" Source="POApp.sln" Description="Converted">
</Event><Event ErrorLevel="0" Project="Common" Source="Common\Common.csproj" Description="Scan complete: Upgrade not required for project files.">
</Event><Event ErrorLevel="0" Project="Bridge" Source="Bridge\Bridge.csproj" Description="Scan complete: Upgrade not required for project files.">
</Event><Event ErrorLevel="0" Project="Listener" Source="Listener\Listener.csproj" Description="Scan complete: Upgrade not required for project files.">
</Event><Event ErrorLevel="0" Project="Source" Source="Source\Source.csproj" Description="Scan complete: Upgrade not required for project files.">
</Event></UpgradeLog>